mode,total_mib,total_bytes,chunk_kib,chunk_bytes,chunks,write_ms,read_ms,total_ms,throughput_mib_s,file_bytes,tag_overhead_bytes,valid,rep,git_commit,machine_id,timestamp
plain,1024,1073741824,256,262144,4096,2209.826,2145.028,4354.854,470.280,1073741824,0,true,0,442004d,artifact-host,1780537683
chacha20poly1305,1024,1073741824,256,262144,4096,4737.271,4710.663,9447.934,216.767,1073807360,65536,true,0,442004d,artifact-host,1780537692
plain,1024,1073741824,256,262144,4096,2177.989,2137.483,4315.472,474.571,1073741824,0,true,1,442004d,artifact-host,1780537697
chacha20poly1305,1024,1073741824,256,262144,4096,4740.995,4713.310,9454.305,216.621,1073807360,65536,true,1,442004d,artifact-host,1780537706
plain,1024,1073741824,256,262144,4096,2180.253,2152.354,4332.607,472.695,1073741824,0,true,2,442004d,artifact-host,1780537710
chacha20poly1305,1024,1073741824,256,262144,4096,4741.353,4709.339,9450.693,216.704,1073807360,65536,true,2,442004d,artifact-host,1780537720
plain,1024,1073741824,256,262144,4096,2175.985,2129.343,4305.327,475.690,1073741824,0,true,3,442004d,artifact-host,1780537724
chacha20poly1305,1024,1073741824,256,262144,4096,4733.989,4708.527,9442.516,216.891,1073807360,65536,true,3,442004d,artifact-host,1780537734
plain,1024,1073741824,256,262144,4096,2179.017,2136.410,4315.427,474.576,1073741824,0,true,4,442004d,artifact-host,1780537738
chacha20poly1305,1024,1073741824,256,262144,4096,4736.933,4714.684,9451.618,216.682,1073807360,65536,true,4,442004d,artifact-host,1780537747
