log_n,n,rw_ntt_ms,ark_fft_ms,passes,io_bytes_theory,correct,repeats
4,16,0.037,0.004,4,2048,true,5
5,32,0.025,0.006,5,5120,true,5
6,64,0.041,0.013,6,12288,true,5
7,128,0.066,0.031,7,28672,true,5
8,256,0.140,0.074,8,65536,true,5
9,512,0.281,0.348,9,147456,true,5
10,1024,0.656,0.529,10,327680,true,5
11,2048,1.037,0.911,11,720896,true,5
12,4096,2.006,1.098,12,1572864,true,5
13,8192,3.495,1.353,13,3407872,true,5
14,16384,5.920,1.642,14,7340032,true,5
15,32768,12.052,2.357,15,15728640,true,5
16,65536,26.338,4.445,16,33554432,true,5
