type,log_n,n,s,multiply_ms,sort_ms,reduce_ms,total_ms
structured,4,16,16,0.000,0.002,0.001,0.004
structured,5,32,32,0.001,0.003,0.003,0.006
structured,6,64,64,0.001,0.005,0.005,0.010
structured,7,128,128,0.002,0.008,0.008,0.018
structured,8,256,256,0.004,0.015,0.015,0.033
structured,9,512,512,0.007,0.028,0.029,0.064
structured,10,1024,1024,0.015,0.057,0.058,0.130
structured,11,2048,2048,0.028,0.123,0.138,0.289
structured,12,4096,4096,0.059,0.253,0.259,0.572
structured,13,8192,8192,0.117,0.551,0.507,1.175
structured,14,16384,16384,0.236,1.000,0.972,2.208
random,4,16,64,0.001,0.004,0.004,0.009
random,5,32,128,0.002,0.007,0.007,0.016
random,6,64,256,0.004,0.014,0.014,0.031
random,7,128,512,0.007,0.028,0.026,0.061
random,8,256,1024,0.015,0.068,0.069,0.152
random,9,512,2048,0.029,0.141,0.144,0.314
random,10,1024,4096,0.058,0.281,0.305,0.643
random,11,2048,8192,0.118,0.622,0.703,1.443
random,12,4096,16384,0.243,1.285,1.456,2.985
random,13,8192,32768,0.490,2.872,3.006,6.367
random,14,16384,65536,1.000,6.205,6.652,13.857
