workload,variant,log_n,n,constraints,n_vars,paths,depth,rounds,rep,setup_ms,prove_ms,verify_ms,setup_peak_rss_mb,prove_start_peak_rss_mb,prove_end_peak_rss_mb,rss_delta_mb,peak_rss_mb,proof_bytes,valid,read_bytes,write_bytes,pass_count,git_commit,machine_id,timestamp
mimc_merkle,std,16,65536,65536,70145,512,8,8,0,25038.074125000003,4329.9,1.3,59.125,59.1,92.8,33.7,92.8,128,true,0,0,0,2199b96,artifact-host,1780037478
mimc_merkle,std,16,65536,65536,70145,512,8,8,1,25038.074125000003,4323.4,1.4,59.125,93.0,94.1,1.1,94.1,128,true,0,0,0,2199b96,artifact-host,1780037482
mimc_merkle,std,16,65536,65536,70145,512,8,8,2,25038.074125000003,4325.4,1.3,59.125,94.1,100.2,6.1,100.2,128,true,0,0,0,2199b96,artifact-host,1780037487
mimc_merkle,rw_rw,16,65536,65536,70145,512,8,8,0,25264.369416,8909.6,1.2,100.219,100.2,100.2,0.0,100.2,128,true,1453752576,1399111648,2035,2199b96,artifact-host,1780037521
mimc_merkle,rw_rw,16,65536,65536,70145,512,8,8,1,25264.369416,8926.2,1.3,100.219,100.2,100.2,0.0,100.2,128,true,1453752576,1399111648,2035,2199b96,artifact-host,1780037530
mimc_merkle,rw_rw,16,65536,65536,70145,512,8,8,2,25264.369416,8941.4,1.3,100.219,100.2,100.2,0.0,100.2,128,true,1453752576,1399111648,2035,2199b96,artifact-host,1780037539
mimc_merkle,std,17,131072,131072,140289,1024,8,8,0,50257.264042,6262.1,1.4,149.734,149.7,174.5,24.8,174.5,128,true,0,0,0,2199b96,artifact-host,1780037595
mimc_merkle,std,17,131072,131072,140289,1024,8,8,1,50257.264042,6279.2,1.3,149.734,174.5,174.6,0.0,174.6,128,true,0,0,0,2199b96,artifact-host,1780037602
mimc_merkle,std,17,131072,131072,140289,1024,8,8,2,50257.264042,6250.1,1.2,149.734,174.6,174.6,0.0,174.6,128,true,0,0,0,2199b96,artifact-host,1780037608
mimc_merkle,rw_rw,17,131072,131072,140289,1024,8,8,0,50187.512666,15726.1,1.4,178.891,178.9,178.9,0.0,178.9,128,true,3044737280,2935455712,2123,2199b96,artifact-host,1780037674
mimc_merkle,rw_rw,17,131072,131072,140289,1024,8,8,1,50187.512666,15755.4,1.2,178.891,178.9,178.9,0.0,178.9,128,true,3044737280,2935455712,2123,2199b96,artifact-host,1780037690
mimc_merkle,rw_rw,17,131072,131072,140289,1024,8,8,2,50187.512666,15833.4,1.4,178.891,178.9,178.9,0.0,178.9,128,true,3044737280,2935455712,2123,2199b96,artifact-host,1780037705
mimc_merkle,std,18,262144,262144,280577,2048,8,8,0,100768.14716600001,10256.4,1.3,259.531,259.5,283.6,24.0,283.6,128,true,0,0,0,2199b96,artifact-host,1780037816
mimc_merkle,std,18,262144,262144,280577,2048,8,8,1,100768.14716600001,10142.9,1.4,259.531,283.6,283.6,0.0,283.6,128,true,0,0,0,2199b96,artifact-host,1780037827
mimc_merkle,std,18,262144,262144,280577,2048,8,8,2,100768.14716600001,10063.4,1.4,259.531,283.6,283.6,0.0,283.6,128,true,0,0,0,2199b96,artifact-host,1780037837
mimc_merkle,rw_rw,18,262144,262144,280577,2048,8,8,0,100600.30741699999,29816.7,1.2,283.625,283.6,283.6,0.0,283.6,128,true,6481379584,6262816736,2281,2199b96,artifact-host,1780037967
mimc_merkle,rw_rw,18,262144,262144,280577,2048,8,8,1,100600.30741699999,29840.7,1.2,283.625,283.6,283.6,0.0,283.6,128,true,6481379584,6262816736,2281,2199b96,artifact-host,1780037997
mimc_merkle,rw_rw,18,262144,262144,280577,2048,8,8,2,100600.30741699999,29782.4,1.3,283.625,283.6,283.6,0.0,283.6,128,true,6481379584,6262816736,2281,2199b96,artifact-host,1780038027
