variant,log_n,n,prove_ms,verify_ms,peak_rss_mb,rss_delta_mb,proof_bytes,valid,read_bytes,write_bytes,pass_count,crs_path,qap_path,witness_path,git_commit,machine_id,timestamp,rep
rw_rw_prove_only,18,262144,49246.5,1.468,37.6,35.9,128,true,6064963840,5588910048,2281,Experiments/rw_prove_only_18_data/crs,Experiments/rw_prove_only_18_data/qap,Experiments/rw_prove_only_18_data/assignment.bin,5d571cf,artifact-host,1780296362,1
rw_rw_prove_only,20,1048576,199290.8,1.396,37.6,35.9,128,true,26642219264,24738004960,2527,Experiments/rw_prove_only_20_data/crs,Experiments/rw_prove_only_20_data/qap,Experiments/rw_prove_only_20_data/assignment.bin,5d571cf,artifact-host,1780296561,1
rw_rw_prove_only,22,4194304,814321.7,1.388,38.4,36.6,128,true,116098334976,108481478624,2773,Experiments/rw_prove_only_22_data/crs,Experiments/rw_prove_only_22_data/qap,Experiments/rw_prove_only_22_data/assignment.bin,5d571cf,artifact-host,1780297375,1
rw_rw_prove_only,18,262144,49234.4,1.391,38.4,36.7,128,true,6064963840,5588910048,2281,Experiments/rw_prove_only_18_data/crs,Experiments/rw_prove_only_18_data/qap,Experiments/rw_prove_only_18_data/assignment.bin,5d571cf,artifact-host,1780297425,2
rw_rw_prove_only,20,1048576,200643.2,1.369,37.6,35.9,128,true,26642219264,24738004960,2527,Experiments/rw_prove_only_20_data/crs,Experiments/rw_prove_only_20_data/qap,Experiments/rw_prove_only_20_data/assignment.bin,5d571cf,artifact-host,1780297625,2
rw_rw_prove_only,22,4194304,815383.5,1.468,37.9,36.2,128,true,116098334976,108481478624,2773,Experiments/rw_prove_only_22_data/crs,Experiments/rw_prove_only_22_data/qap,Experiments/rw_prove_only_22_data/assignment.bin,5d571cf,artifact-host,1780298441,2
rw_rw_prove_only,18,262144,49117.8,1.352,38.1,36.4,128,true,6064963840,5588910048,2281,Experiments/rw_prove_only_18_data/crs,Experiments/rw_prove_only_18_data/qap,Experiments/rw_prove_only_18_data/assignment.bin,5d571cf,artifact-host,1780298533,3
rw_rw_prove_only,20,1048576,199832.8,1.408,37.6,35.9,128,true,26642219264,24738004960,2527,Experiments/rw_prove_only_20_data/crs,Experiments/rw_prove_only_20_data/qap,Experiments/rw_prove_only_20_data/assignment.bin,5d571cf,artifact-host,1780298733,3
rw_rw_prove_only,22,4194304,816910.8,1.367,38.1,36.4,128,true,116098334976,108481478624,2773,Experiments/rw_prove_only_22_data/crs,Experiments/rw_prove_only_22_data/qap,Experiments/rw_prove_only_22_data/assignment.bin,5d571cf,artifact-host,1780299550,3
